id_cliente,idade,salario_mensal,anos_empregado,divida_total,numero_contas_banco,historico_pagamento,status_emprego,score_credito_externo,inadimplente
1,58,3765.82,23,12275.31,2,Bom,Empregado,592,1
2,48,2482.32,12,13803.86,2,Regular,Empregado,306,1
3,34,7377.6,11,18322.2,4,Bom,Empregado,391,1
4,62,4917.38,29,17809.53,4,Ruim,Empregado,489,1
5,27,5347.93,25,7026.97,1,Bom,Empregado,775,0
6,40,6815.74,5,0.0,3,Bom,Desempregado,810,1
7,58,4982.42,20,6607.35,4,Regular,Aposentado,761,0
8,38,5902.82,3,10378.36,4,Bom,Empregado,352,1
9,42,6631.7,18,8191.77,4,Ruim,Empregado,785,1
10,30,6133.51,15,19839.49,4,Ruim,Empregado,789,1
11,30,5571.96,12,10093.9,2,Regular,Empregado,663,0
12,43,8566.23,3,13268.56,4,Regular,Autonomo,411,1
13,55,7483.94,29,11086.07,2,Bom,Empregado,708,0
14,59,4828.47,22,8266.83,4,Ruim,Empregado,306,1
15,43,3180.61,16,375.94,3,Bom,Empregado,496,1
16,22,6277.25,22,9606.91,1,Regular,Empregado,666,0
17,41,5431.72,0,26273.24,3,Ruim,Aposentado,549,1
18,21,8417.99,17,3777.71,4,Ruim,Empregado,539,1
19,43,6974.99,19,925.63,4,Regular,Autonomo,679,0
20,63,6528.41,16,19681.95,4,Bom,Empregado,770,0
21,49,5025.9,26,13710.41,3,Ruim,Autonomo,754,1
22,57,3248.6,27,10937.1,4,Regular,Empregado,665,0
23,21,4604.07,26,16813.37,3,Ruim,Empregado,589,1
24,40,5953.66,14,5842.49,2,Regular,Aposentado,702,0
25,52,1540.84,10,9467.03,1,Bom,Empregado,357,1
26,31,7483.43,24,14775.77,1,Bom,Empregado,820,0
27,41,9134.09,27,20551.77,3,Bom,Empregado,603,1
28,63,1110.12,21,4157.28,2,Regular,Autonomo,414,1
29,44,2199.57,12,16403.67,3,Bom,Empregado,509,1
30,68,5459.32,0,11909.2,2,Bom,Aposentado,340,1
31,46,3834.84,16,10815.31,4,Bom,Empregado,472,1
32,61,5521.81,5,9961.35,2,Regular,Empregado,533,1
33,47,4856.65,3,3076.77,2,Bom,Autonomo,702,0
34,35,2952.36,19,14815.44,2,Bom,Empregado,338,1
35,34,7576.81,15,6088.65,1,Bom,Aposentado,418,1
36,66,5929.03,14,4601.55,2,Bom,Desempregado,634,1
37,63,3880.52,26,14427.29,4,Bom,Empregado,635,1
38,22,8010.05,14,13945.67,4,Bom,Empregado,838,0
39,56,3983.19,5,10395.0,4,Bom,Empregado,373,1
40,26,2516.32,14,15397.72,2,Ruim,Autonomo,490,1
41,40,5367.02,13,17129.68,3,Regular,Aposentado,623,1
42,28,5706.32,27,16541.12,3,Bom,Empregado,446,1
43,58,6063.83,10,7358.61,4,Ruim,Empregado,583,1
44,37,6392.7,6,15070.52,1,Bom,Empregado,512,1
45,23,6032.25,8,11058.2,3,Regular,Autonomo,693,0
46,44,5950.99,25,18629.54,2,Regular,Empregado,638,1
47,33,3852.49,15,9381.36,3,Bom,Empregado,321,1
48,69,3638.51,4,8217.64,4,Bom,Empregado,404,1
49,28,6484.73,24,6931.02,1,Bom,Autonomo,765,0
50,45,5486.91,19,10946.44,3,Bom,Empregado,758,0
51,21,6640.49,28,12333.63,3,Regular,Empregado,731,0
52,39,1585.45,9,12429.81,4,Bom,Empregado,520,1
53,47,3998.43,17,11745.86,1,Bom,Empregado,678,0
54,66,8814.04,2,13355.19,1,Bom,Autonomo,521,1
55,26,6105.07,12,8887.29,4,Bom,Desempregado,557,1
56,63,5591.1,10,5637.42,2,Bom,Empregado,666,0
57,27,6415.85,16,5200.86,3,Bom,Empregado,648,0
58,66,9416.9,29,14875.26,2,Regular,Empregado,524,1
59,54,8996.1,29,12351.61,3,Bom,Empregado,535,1
60,33,1840.96,21,720.81,3,Bom,Autonomo,482,1
61,36,2579.0,12,15483.77,2,Regular,Empregado,743,0
62,55,1773.18,5,19402.18,4,Bom,Empregado,305,1
63,69,3505.78,16,6420.42,4,Regular,Empregado,535,1
64,59,5109.84,26,11680.8,3,Regular,Empregado,426,1
65,23,5484.03,12,7632.71,4,Bom,Empregado,403,1
66,21,1939.04,18,13141.53,3,Bom,Empregado,779,1
67,25,1265.3,20,4169.96,4,Bom,Empregado,454,1
68,61,3470.42,18,9642.77,3,Bom,Autonomo,556,1
69,23,6832.34,9,14906.57,4,Bom,Empregado,534,1
70,48,7180.73,2,16178.56,1,Bom,Empregado,799,0
71,37,8411.65,13,12132.48,2,Bom,Desempregado,588,1
72,45,4935.34,25,8304.77,1,Bom,Empregado,809,0
73,63,6656.31,18,2036.99,2,Regular,Autonomo,597,0
74,53,7019.79,4,6212.25,2,Bom,Empregado,436,1
75,29,4006.28,28,7653.63,3,Bom,Empregado,675,0
76,55,5775.69,4,6511.33,2,Bom,Empregado,386,1
77,33,6317.41,19,10297.76,1,Regular,Empregado,718,0
78,50,3181.68,16,8290.56,1,Bom,Empregado,498,1
79,67,8284.19,20,10860.61,4,Regular,Aposentado,762,0
80,34,4922.38,9,16013.14,1,Bom,Empregado,736,0
81,27,5174.07,4,7967.69,4,Regular,Empregado,609,0
82,33,3105.32,3,3085.67,2,Bom,Empregado,580,0
83,42,3441.15,5,6491.46,1,Bom,Empregado,622,0
84,59,1000.0,25,12917.94,2,Bom,Empregado,451,1
85,40,5110.31,3,13389.72,1,Bom,Empregado,601,1
86,35,10011.38,29,12030.43,1,Bom,Autonomo,577,0
87,64,2962.76,6,16503.69,4,Bom,Desempregado,307,1
88,37,10952.39,6,9068.18,2,Regular,Empregado,534,1
89,66,7828.5,17,20260.83,1,Ruim,Empregado,601,1
90,43,4052.82,2,14090.94,3,Bom,Aposentado,337,1
91,45,5054.53,0,0.0,2,Bom,Autonomo,435,1
92,44,4729.8,23,19003.29,2,Bom,Empregado,720,0
93,64,8412.33,24,6165.07,2,Regular,Aposentado,518,1
94,60,6034.03,3,4829.49,4,Bom,Empregado,647,0
95,48,7363.95,5,12618.86,3,Ruim,Aposentado,845,1
96,34,5716.34,8,1309.1,2,Bom,Empregado,378,1
97,64,4776.05,21,6522.65,1,Bom,Empregado,572,0
98,20,5652.85,13,17785.49,1,Regular,Aposentado,460,1
99,44,4186.11,27,12781.09,4,Regular,Empregado,607,1
100,26,2095.59,11,14061.2,1,Bom,Empregado,673,0
101,28,6627.38,27,6715.45,2,Bom,Empregado,308,1
102,43,1997.67,24,2308.15,1,Ruim,Desempregado,743,1
103,20,4462.33,19,13534.09,2,Bom,Autonomo,412,1
104,63,4120.27,23,14651.28,1,Regular,Autonomo,504,1
105,27,6286.71,24,14424.97,3,Bom,Empregado,704,0
106,43,8129.41,3,11045.35,4,Regular,Autonomo,496,1
107,30,7409.94,20,5164.66,4,Regular,Empregado,414,1
108,36,6344.85,29,22188.85,3,Bom,Empregado,420,1
109,27,3740.26,23,12398.94,3,Regular,Autonomo,364,1
110,54,4633.06,11,9130.57,4,Bom,Empregado,575,0
111,54,4341.45,9,9152.75,3,Bom,Empregado,538,1
112,52,4059.44,29,10747.99,2,Bom,Empregado,601,1
113,24,4195.1,21,15348.04,1,Bom,Empregado,691,0
114,61,4141.72,27,10948.14,4,Regular,Aposentado,821,1
115,58,4053.15,6,14292.57,3,Bom,Empregado,668,0
116,60,6903.77,2,10756.99,2,Bom,Autonomo,532,1
117,47,2890.73,22,9438.23,4,Bom,Empregado,494,1
118,26,3541.05,27,13206.25,3,Bom,Empregado,311,1
119,28,1833.19,13,13016.43,4,Bom,Empregado,476,1
120,27,7830.97,23,9151.83,3,Regular,Autonomo,516,1
121,31,3406.99,9,6253.97,4,Ruim,Empregado,310,1
122,53,6321.55,15,11708.64,2,Regular,Aposentado,745,0
123,52,5950.64,15,10391.74,2,Bom,Empregado,463,1
124,67,7637.68,21,7225.64,1,Bom,Empregado,352,1
125,42,4579.97,9,5788.0,4,Bom,Empregado,517,1
126,43,3104.92,24,12052.38,1,Bom,Aposentado,659,0
127,56,1888.5,12,12750.48,4,Bom,Autonomo,684,0
128,54,1000.0,5,8199.84,3,Bom,Empregado,355,1
129,63,5322.71,11,7100.31,3,Bom,Empregado,417,1
130,59,6550.95,8,5848.72,1,Ruim,Empregado,552,1
131,41,5943.38,12,11911.27,4,Bom,Autonomo,479,1
132,46,1940.47,3,5980.11,1,Bom,Empregado,714,0
133,54,7077.65,23,21205.67,2,Bom,Aposentado,534,1
134,20,3603.57,10,7948.59,1,Bom,Desempregado,379,1
135,54,3186.19,19,0.0,1,Regular,Empregado,321,1
136,56,3558.74,17,9849.14,3,Bom,Aposentado,776,0
137,66,5156.82,25,9634.83,1,Bom,Empregado,739,0
138,33,2030.6,10,15558.59,4,Bom,Empregado,392,1
139,22,4925.93,24,11440.63,3,Bom,Empregado,491,1
140,20,5858.9,20,5830.82,1,Bom,Empregado,402,1
141,24,7214.65,3,8568.04,2,Regular,Autonomo,695,0
142,45,5351.91,17,11637.1,1,Regular,Empregado,306,1
143,33,2320.74,0,0.0,1,Regular,Empregado,530,1
144,58,5297.78,26,16693.11,1,Bom,Empregado,539,1
145,46,2879.48,6,5844.15,3,Regular,Empregado,389,1
146,28,2764.11,5,17085.22,4,Bom,Empregado,531,1
147,34,2274.59,14,11962.33,2,Bom,Empregado,756,0
148,34,1177.49,17,13147.97,1,Regular,Empregado,532,1
149,45,3865.67,23,15747.12,4,Bom,Aposentado,653,0
150,61,7257.78,10,12865.66,4,Bom,Autonomo,632,0
151,32,9512.97,19,13364.43,3,Regular,Empregado,738,0
152,51,3852.83,23,9177.92,2,Bom,Aposentado,674,0
153,58,7172.21,14,11860.84,3,Bom,Empregado,591,0
154,68,4210.84,15,7062.51,4,Bom,Empregado,644,0
155,51,1698.53,6,8282.94,4,Regular,Empregado,727,0
156,23,6401.88,20,19823.48,4,Ruim,Empregado,429,1
157,49,5469.63,9,5959.03,3,Regular,Empregado,440,1
158,56,8636.04,25,10771.59,2,Bom,Autonomo,714,0
159,42,1930.64,11,10567.35,1,Bom,Empregado,392,1
160,58,10592.07,23,8446.23,3,Bom,Autonomo,583,0
161,64,8183.43,13,12572.0,4,Bom,Empregado,522,1
162,34,4964.15,24,12948.61,3,Bom,Autonomo,762,0
163,62,4402.72,4,5370.9,4,Bom,Empregado,844,0
164,48,3568.38,25,10506.78,1,Bom,Empregado,575,1
165,55,5219.47,20,4588.16,1,Ruim,Empregado,439,1
166,32,4632.13,17,13942.74,2,Bom,Empregado,656,0
167,51,6027.59,4,10882.44,4,Bom,Empregado,322,1
168,26,4411.27,2,10411.65,2,Bom,Autonomo,569,1
169,41,7829.93,22,13295.16,2,Ruim,Empregado,632,1
170,47,5250.09,25,8622.45,1,Regular,Autonomo,384,1
171,21,4486.37,4,14570.11,3,Regular,Empregado,330,1
172,61,7048.57,23,5257.78,3,Ruim,Aposentado,539,1
173,64,1754.95,16,17059.38,2,Bom,Empregado,662,0
174,25,5681.98,18,7245.44,1,Bom,Empregado,688,0
175,47,5051.14,18,1519.1,4,Bom,Aposentado,598,0
176,47,2178.3,24,8357.33,3,Bom,Empregado,670,0
177,63,1582.99,20,7790.16,2,Bom,Empregado,398,1
178,63,7020.69,11,8319.63,3,Bom,Empregado,346,1
179,39,6925.58,24,11158.24,3,Ruim,Empregado,721,1
180,49,5345.12,28,15489.21,4,Ruim,Empregado,779,1
181,30,8433.32,8,9041.47,1,Regular,Autonomo,361,1
182,47,5881.94,0,6541.91,4,Regular,Empregado,408,1
183,44,7499.61,17,4367.27,1,Regular,Empregado,848,0
184,58,5840.65,20,7659.09,3,Bom,Empregado,418,1
185,52,4448.38,3,560.88,2,Bom,Empregado,681,0
186,20,2884.94,9,6374.33,4,Regular,Empregado,691,0
187,46,3793.13,24,16220.27,1,Regular,Autonomo,351,1
188,32,4485.76,6,5883.2,3,Bom,Empregado,588,0
189,60,7726.31,21,13143.58,1,Ruim,Aposentado,636,1
190,22,6539.84,22,3867.59,1,Bom,Empregado,503,1
191,58,5660.64,0,18855.48,1,Bom,Empregado,537,1
192,25,6740.02,16,19188.03,3,Regular,Empregado,681,0
193,27,6054.77,23,12955.11,2,Bom,Empregado,435,1
194,46,5523.88,28,19956.26,2,Bom,Empregado,706,0
195,28,2002.68,28,11778.96,2,Bom,Empregado,807,0
196,56,7278.32,1,13842.59,1,Regular,Autonomo,661,0
197,52,4082.98,27,16309.67,3,Bom,Empregado,680,0
198,61,7177.08,25,10898.59,1,Regular,Autonomo,553,0
199,63,7370.42,10,2238.11,2,Bom,Empregado,776,1
200,43,3659.92,8,13944.82,2,Bom,Aposentado,413,1
201,34,6899.43,6,7640.7,3,Ruim,Autonomo,319,1
202,51,4278.03,21,8012.35,1,Bom,Empregado,827,0
203,51,4289.94,16,11489.47,4,Ruim,Autonomo,444,1
204,43,5514.95,16,12831.4,4,Bom,Empregado,507,1
205,60,5568.95,1,10750.67,2,Ruim,Autonomo,830,1
206,68,5077.1,5,13178.65,3,Bom,Empregado,675,0
207,68,2331.42,13,6465.71,1,Bom,Empregado,803,0
208,31,4757.11,5,9786.48,1,Bom,Autonomo,465,1
209,58,9556.96,1,14245.43,2,Bom,Empregado,849,0
210,21,1000.0,0,18863.96,2,Regular,Empregado,480,1
211,22,6739.48,9,20632.18,1,Bom,Autonomo,743,0
212,68,7114.25,20,12164.88,1,Bom,Empregado,631,0
213,56,2283.3,4,14200.05,2,Bom,Empregado,802,0
214,68,4061.12,1,19907.9,1,Bom,Empregado,378,1
215,36,2998.57,21,6645.82,4,Regular,Empregado,695,0
216,68,8707.93,15,13148.5,2,Bom,Desempregado,402,1
217,21,7206.05,24,13841.71,1,Regular,Empregado,701,0
218,21,7302.85,1,17239.31,2,Regular,Empregado,523,1
219,47,5241.29,9,4314.29,3,Regular,Empregado,817,0
220,42,7624.18,1,5302.97,2,Bom,Autonomo,535,1
221,56,4983.53,15,10106.91,2,Regular,Empregado,726,0
222,51,7718.32,15,11888.64,3,Ruim,Empregado,415,1
223,52,4702.61,18,15614.32,4,Regular,Aposentado,462,1
224,20,3641.52,28,12587.72,1,Bom,Empregado,525,1
225,38,8621.9,6,9242.93,3,Regular,Empregado,529,1
226,21,4958.3,21,12082.31,2,Regular,Empregado,481,1
227,63,3202.4,11,11505.22,1,Regular,Empregado,548,1
228,45,3180.73,23,18725.08,3,Bom,Empregado,617,1
229,51,3186.84,14,10828.29,1,Bom,Empregado,509,1
230,25,6688.88,7,8084.58,1,Regular,Aposentado,691,0
231,51,4802.27,5,12248.05,3,Bom,Empregado,395,1
232,23,9595.92,27,10992.43,1,Regular,Autonomo,385,1
233,30,7372.36,26,2145.03,4,Bom,Empregado,714,0
234,36,5514.28,9,9921.74,3,Bom,Autonomo,693,0
235,57,7807.8,2,9496.31,4,Bom,Autonomo,800,1
236,43,4008.99,18,7280.64,2,Bom,Empregado,432,1
237,24,1290.43,16,15177.92,1,Ruim,Empregado,613,1
238,53,3020.83,6,6071.6,2,Regular,Empregado,520,1
239,25,5294.42,20,12278.09,2,Regular,Aposentado,737,0
240,41,4554.92,19,9260.72,1,Bom,Aposentado,345,1
241,30,6648.83,25,10538.48,3,Regular,Empregado,491,1
242,67,4750.77,3,12058.93,1,Regular,Empregado,819,0
243,35,6496.07,13,3462.13,2,Bom,Empregado,678,0
244,52,8001.94,19,10958.3,2,Bom,Autonomo,633,0
245,28,4744.61,21,21444.74,3,Regular,Empregado,338,1
246,25,6110.29,14,2216.18,1,Regular,Empregado,592,0
247,35,1490.43,23,9711.96,2,Ruim,Empregado,461,1
248,48,4752.21,7,15616.2,4,Bom,Empregado,630,1
249,22,2536.08,20,11508.1,2,Regular,Autonomo,403,1
250,39,5290.45,14,13439.83,2,Bom,Empregado,460,1
251,55,5472.0,21,0.0,3,Bom,Empregado,353,1
252,38,5465.35,19,12991.25,4,Bom,Empregado,333,1
253,45,4039.75,27,6191.56,2,Bom,Empregado,541,1
254,22,9596.94,13,11549.39,2,Bom,Empregado,412,1
255,38,2463.96,26,9852.83,4,Bom,Desempregado,617,1
256,39,2341.71,28,21391.67,1,Regular,Autonomo,322,1
257,51,8309.96,8,12733.48,1,Regular,Empregado,417,1
258,26,3591.44,7,9436.88,2,Bom,Empregado,511,1
259,60,3110.62,25,2451.54,2,Ruim,Aposentado,717,1
260,52,9605.82,27,10605.73,1,Bom,Empregado,412,1
261,59,6971.45,25,14116.14,3,Bom,Empregado,343,1
262,58,3811.07,16,9597.24,4,Regular,Aposentado,427,1
263,37,5435.02,1,7471.72,4,Bom,Autonomo,457,1
264,59,8891.74,24,7137.07,3,Bom,Desempregado,693,1
265,20,6383.24,23,12675.71,3,Bom,Aposentado,811,0
266,30,7572.3,29,13796.94,3,Bom,Aposentado,344,1
267,47,6609.61,2,16806.05,3,Regular,Empregado,407,1
268,44,6860.51,7,5025.0,3,Bom,Empregado,518,1
269,69,5079.48,11,12629.89,3,Bom,Empregado,742,0
270,42,5022.7,0,9391.48,4,Bom,Empregado,614,0
271,50,5534.1,9,9538.83,3,Regular,Empregado,476,1
272,49,6468.91,19,12009.13,1,Bom,Empregado,527,1
273,61,4433.37,2,12038.28,3,Regular,Empregado,566,1
274,54,5244.11,5,12643.84,3,Bom,Empregado,678,0
275,26,4379.31,6,4712.64,4,Bom,Empregado,788,0
276,35,5231.37,19,6250.94,4,Bom,Empregado,589,0
277,45,2498.01,22,17429.34,3,Bom,Empregado,656,0
278,67,10211.95,24,8897.14,4,Bom,Autonomo,503,1
279,68,3534.12,26,11530.07,2,Bom,Empregado,512,1
280,21,4277.08,17,15273.33,4,Ruim,Empregado,622,1
281,20,3361.47,10,12317.22,4,Bom,Autonomo,480,1
282,67,6231.42,18,12732.61,4,Regular,Empregado,798,0
283,31,4607.99,4,14472.89,4,Bom,Empregado,619,1
284,24,3072.38,18,0.0,1,Bom,Empregado,382,1
285,56,6313.77,10,7550.25,1,Bom,Empregado,602,1
286,51,6583.3,23,12343.03,1,Ruim,Aposentado,561,1
287,28,4866.25,11,16938.22,3,Bom,Empregado,499,1
288,60,3672.75,9,10330.48,3,Bom,Empregado,539,1
289,54,9382.13,7,5776.42,2,Bom,Empregado,594,0
290,38,5680.14,23,5909.57,1,Bom,Empregado,811,0
291,67,2451.86,27,14419.31,3,Bom,Empregado,695,0
292,35,7828.08,27,8911.13,4,Bom,Empregado,437,1
293,22,3288.45,8,9964.0,4,Bom,Empregado,428,1
294,39,10483.76,3,13075.15,1,Bom,Empregado,348,1
295,43,5159.32,4,0.0,2,Regular,Empregado,592,0
296,52,7026.63,20,20001.84,2,Bom,Empregado,835,0
297,43,1000.0,7,6344.63,4,Bom,Empregado,610,1
298,30,2431.72,22,11209.68,2,Bom,Aposentado,836,0
299,68,7667.72,8,1476.51,1,Regular,Empregado,533,1
300,27,5635.63,14,7887.29,4,Bom,Empregado,508,1
301,55,9084.79,14,16223.44,3,Bom,Empregado,393,1
302,57,5970.35,15,419.16,3,Bom,Empregado,626,0
303,59,5290.59,13,15631.0,2,Bom,Autonomo,524,1
304,39,8427.15,7,8631.52,4,Bom,Empregado,310,1
305,54,7020.27,17,12435.82,4,Regular,Autonomo,628,0
306,67,4607.48,9,13287.62,3,Regular,Empregado,311,1
307,44,2811.79,27,12207.11,4,Regular,Autonomo,334,1
308,54,1000.0,19,5675.25,4,Bom,Empregado,746,0
309,44,4124.67,5,8177.25,4,Bom,Aposentado,751,0
310,48,2627.33,11,2692.22,2,Bom,Empregado,519,1
311,37,10195.41,1,12458.98,4,Bom,Empregado,740,0
312,65,3699.26,6,18510.28,1,Bom,Empregado,834,0
313,37,3644.58,15,877.8,2,Regular,Empregado,528,1
314,21,1957.51,2,6191.77,4,Bom,Desempregado,643,1
315,54,4467.37,12,9091.12,4,Bom,Empregado,379,1
316,35,3670.93,2,10866.71,1,Bom,Empregado,652,0
317,60,8475.46,26,14395.88,2,Bom,Empregado,695,0
318,55,5336.95,17,9239.0,3,Bom,Empregado,589,0
319,52,4982.27,10,8420.21,3,Regular,Empregado,754,0
320,23,4730.65,7,15515.65,2,Bom,Empregado,427,1
321,52,6572.35,5,13309.98,4,Regular,Empregado,842,0
322,33,4095.34,0,12694.89,4,Regular,Aposentado,658,0
323,40,6334.41,27,10562.58,3,Regular,Empregado,826,0
324,67,8227.94,0,14915.76,3,Bom,Empregado,612,0
325,39,5920.15,22,6718.45,3,Bom,Autonomo,374,1
326,27,4500.54,7,6036.53,1,Bom,Empregado,845,1
327,26,3093.08,4,13730.5,3,Regular,Empregado,495,1
328,22,4449.75,27,1874.82,1,Bom,Empregado,328,1
329,36,6126.16,15,10460.9,2,Regular,Empregado,315,1
330,52,1934.95,10,8417.21,4,Bom,Empregado,722,0
331,67,6663.09,4,2971.23,3,Bom,Aposentado,704,0
332,31,5415.23,3,5343.66,4,Bom,Empregado,830,0
333,41,4701.62,29,9455.12,4,Bom,Empregado,376,1
334,41,3681.17,5,15169.82,3,Bom,Autonomo,528,1
335,65,4047.24,13,6735.21,3,Regular,Desempregado,596,1
336,49,6194.61,21,16066.91,2,Regular,Empregado,809,0
337,57,4743.58,18,10315.9,1,Regular,Empregado,837,0
338,57,3997.72,8,16551.92,1,Regular,Empregado,625,1
339,64,5937.13,11,6977.54,4,Regular,Aposentado,662,0
340,27,6016.38,10,9755.95,3,Bom,Aposentado,658,0
341,46,2501.65,13,11842.42,2,Regular,Empregado,623,1
342,46,6142.96,22,9102.45,2,Bom,Empregado,625,0
343,53,10003.4,15,14765.12,2,Bom,Empregado,464,1
344,40,5939.24,0,0.0,2,Regular,Autonomo,754,0
345,49,1601.99,12,22112.03,2,Bom,Empregado,452,1
346,52,5354.75,22,14288.87,1,Bom,Empregado,426,1
347,47,1338.37,20,9132.34,1,Bom,Desempregado,492,1
348,66,11334.74,20,7238.39,1,Bom,Empregado,829,0
349,52,9471.35,29,5667.9,3,Ruim,Empregado,309,1
350,24,3668.12,12,13228.08,4,Bom,Empregado,391,1
351,67,1000.0,1,14974.91,2,Bom,Empregado,438,1
352,38,3243.26,3,9187.37,3,Bom,Empregado,780,0
353,23,4638.02,27,15534.95,2,Bom,Empregado,748,0
354,54,1476.27,5,5463.7,1,Ruim,Empregado,632,1
355,68,4861.95,25,4580.95,3,Bom,Aposentado,639,0
356,36,4624.84,26,19066.71,1,Bom,Empregado,351,1
357,63,5250.31,22,12955.54,2,Regular,Empregado,765,0
358,47,5459.29,26,16984.24,2,Ruim,Empregado,774,1
359,49,3068.76,4,5730.3,4,Regular,Autonomo,700,0
360,48,3293.17,24,5382.37,2,Regular,Autonomo,738,0
361,65,5091.18,2,8206.95,1,Bom,Empregado,808,0
362,25,3738.02,0,5879.71,2,Bom,Empregado,452,1
363,54,6814.99,3,13526.83,4,Bom,Empregado,813,0
364,60,5071.79,24,6244.37,4,Regular,Empregado,802,0
365,56,8730.01,19,4141.65,1,Bom,Empregado,305,1
366,43,6640.96,1,10710.08,3,Bom,Autonomo,799,0
367,48,7207.43,25,3550.07,2,Bom,Aposentado,417,1
368,68,5265.13,29,1002.68,4,Bom,Empregado,784,0
369,65,5314.72,29,10666.29,2,Bom,Autonomo,767,0
370,50,8462.64,4,1253.9,2,Ruim,Aposentado,460,1
371,54,4243.41,2,13876.4,3,Bom,Empregado,569,1
372,52,6093.56,28,3023.33,4,Regular,Empregado,355,1
373,40,4467.52,27,0.0,2,Regular,Aposentado,527,1
374,51,4462.73,28,8531.02,4,Bom,Empregado,448,1
375,42,2662.21,8,10722.97,1,Bom,Aposentado,345,1
376,52,3514.97,19,12457.38,1,Bom,Desempregado,443,1
377,22,3143.46,5,10860.08,2,Bom,Empregado,639,1
378,37,6188.74,17,4703.44,4,Regular,Autonomo,712,0
379,44,7080.41,5,13565.31,2,Bom,Autonomo,819,0
380,61,4810.49,18,14800.69,4,Bom,Empregado,643,1
381,50,5459.26,27,3971.19,4,Bom,Empregado,686,0
382,22,4695.06,11,9094.97,3,Ruim,Empregado,772,1
383,59,3378.45,24,8627.8,3,Regular,Empregado,574,1
384,65,6724.53,10,11101.91,3,Regular,Empregado,652,0
385,43,6305.07,1,8975.38,2,Regular,Empregado,365,1
386,69,1214.91,14,9660.61,3,Bom,Empregado,378,1
387,51,4433.78,11,13209.08,3,Regular,Empregado,501,1
388,66,3235.95,11,4430.73,1,Bom,Autonomo,412,1
389,41,4218.12,8,13686.87,4,Regular,Desempregado,390,1
390,42,3659.14,20,15705.66,4,Regular,Desempregado,440,1
391,21,4907.16,23,18170.67,3,Bom,Empregado,588,1
392,46,4340.17,1,0.0,4,Regular,Aposentado,710,0
393,61,4297.72,21,9085.49,1,Ruim,Autonomo,676,1
394,21,7214.78,2,174.5,1,Bom,Empregado,683,0
395,45,6114.36,11,0.0,3,Regular,Empregado,451,1
396,36,3592.21,27,10720.47,1,Bom,Empregado,618,1
397,59,3888.91,29,8004.24,4,Bom,Aposentado,668,0
398,52,5983.59,25,11499.25,2,Bom,Empregado,761,0
399,28,5980.84,15,12430.64,4,Bom,Empregado,311,1
400,62,3792.44,20,16239.48,2,Ruim,Empregado,455,1
401,67,4532.02,27,10269.6,3,Regular,Empregado,776,0
402,58,8693.61,23,24616.78,2,Regular,Empregado,700,0
403,48,3826.9,25,11532.05,1,Bom,Empregado,476,1
404,61,8821.61,29,19212.4,4,Ruim,Empregado,640,1
405,45,7207.33,0,0.0,2,Bom,Autonomo,356,1
406,54,8450.83,20,16748.7,4,Regular,Empregado,747,0
407,69,3741.86,2,9096.2,3,Bom,Empregado,502,1
408,44,4662.89,19,258.26,3,Bom,Empregado,501,1
409,43,4101.67,1,12102.73,1,Regular,Empregado,629,1
410,32,7253.51,8,8485.22,3,Bom,Empregado,662,0
411,26,3864.63,18,12900.27,2,Bom,Empregado,753,0
412,55,6462.43,14,15055.38,3,Bom,Autonomo,655,0
413,64,6356.6,17,2554.25,1,Bom,Autonomo,515,1
414,39,4903.94,25,15074.59,4,Bom,Aposentado,322,1
415,20,7597.32,10,10032.4,4,Bom,Empregado,454,1
416,27,5215.36,24,16764.21,3,Bom,Empregado,485,1
417,65,6668.17,22,8974.26,2,Bom,Aposentado,548,1
418,35,4010.59,15,7647.96,1,Regular,Empregado,433,1
419,33,3553.13,21,10135.27,2,Bom,Empregado,620,1
420,31,6462.29,16,10509.3,1,Ruim,Empregado,689,1
421,42,5861.68,4,6686.08,3,Regular,Empregado,733,0
422,34,5486.62,11,7518.48,1,Bom,Empregado,321,1
423,47,4312.62,10,3865.62,1,Regular,Desempregado,424,1
424,53,8098.42,29,7826.77,3,Regular,Empregado,378,1
425,21,2766.83,14,13381.55,2,Ruim,Empregado,350,1
426,51,2657.31,26,9313.23,3,Bom,Desempregado,475,1
427,42,6884.33,2,15045.33,1,Bom,Desempregado,552,1
428,41,6720.19,0,9072.85,3,Regular,Empregado,545,1
429,44,5707.53,19,2842.41,1,Regular,Empregado,405,1
430,41,4424.1,28,12986.37,3,Regular,Autonomo,492,1
431,41,6004.84,15,6631.88,4,Bom,Autonomo,615,0
432,68,8441.66,1,8833.16,4,Regular,Empregado,601,0
433,61,10031.09,1,16187.86,3,Ruim,Aposentado,847,1
434,25,1687.17,2,4195.65,2,Bom,Empregado,567,1
435,34,4162.16,7,10823.72,1,Bom,Empregado,469,1
436,62,4036.45,23,9797.41,4,Bom,Empregado,754,0
437,56,8253.04,27,13504.63,2,Regular,Empregado,591,0
438,52,1000.0,14,14275.77,1,Regular,Autonomo,440,1
439,27,6027.67,6,11319.2,4,Regular,Empregado,445,1
440,63,4486.38,5,8198.13,4,Bom,Empregado,724,0
441,63,8276.23,8,12366.86,3,Bom,Empregado,613,0
442,24,8002.08,19,16678.28,1,Bom,Empregado,483,1
443,58,5731.01,27,9863.55,2,Bom,Empregado,427,1
444,23,1840.55,0,8663.72,2,Regular,Empregado,586,1
445,25,3852.22,7,11940.85,2,Ruim,Empregado,552,1
446,64,4071.22,22,10193.64,1,Ruim,Autonomo,685,1
447,51,2347.09,22,3311.45,2,Ruim,Empregado,529,1
448,49,7309.17,2,11196.65,2,Bom,Empregado,570,0
449,66,2093.15,3,3266.19,2,Bom,Autonomo,714,0
450,54,8930.66,25,11872.4,3,Regular,Empregado,497,1
451,59,8925.65,24,6014.29,3,Ruim,Empregado,622,1
452,35,4229.88,14,10184.37,1,Bom,Desempregado,355,1
453,32,5656.99,5,11952.97,1,Bom,Empregado,502,1
454,69,4855.43,14,22269.52,2,Bom,Empregado,437,1
455,61,6803.65,20,13713.75,3,Regular,Empregado,721,0
456,49,7549.35,2,16823.99,4,Bom,Empregado,356,1
457,38,5515.99,24,19358.74,4,Bom,Desempregado,370,1
458,36,5938.23,20,12446.28,2,Bom,Empregado,671,0
459,38,3758.79,20,11428.45,2,Bom,Autonomo,813,0
460,47,5873.43,13,4666.39,3,Regular,Autonomo,383,1
461,45,5325.52,19,9416.85,3,Bom,Empregado,342,1
462,56,3176.41,13,6384.56,3,Regular,Empregado,432,1
463,45,4971.93,3,7994.71,1,Regular,Empregado,694,0
464,42,4233.63,11,19353.32,1,Regular,Empregado,364,1
465,28,3781.01,16,10573.11,2,Bom,Empregado,589,1
466,31,2707.02,6,5620.5,1,Ruim,Aposentado,675,1
467,20,5125.01,8,16872.67,3,Bom,Desempregado,766,1
468,20,3439.05,2,14776.38,3,Ruim,Empregado,512,1
469,66,4057.78,27,15038.27,1,Ruim,Empregado,447,1
470,53,7150.25,12,0.0,4,Bom,Autonomo,770,0
471,51,6264.23,14,19743.35,2,Bom,Empregado,448,1
472,67,3042.47,17,7207.43,4,Bom,Aposentado,387,1
473,44,5703.78,18,13889.77,2,Bom,Empregado,623,1
474,59,5265.56,0,22619.0,4,Bom,Empregado,695,0
475,64,8403.39,5,20776.66,1,Bom,Autonomo,703,0
476,20,7766.29,26,5112.19,2,Bom,Empregado,381,1
477,35,1932.5,26,2777.41,2,Bom,Aposentado,585,0
478,58,6722.26,22,17151.73,2,Bom,Aposentado,681,1
479,24,7530.39,26,10710.28,3,Bom,Empregado,569,0
480,41,6118.72,26,7495.59,3,Bom,Empregado,591,0
481,48,4329.18,1,13106.09,4,Bom,Desempregado,752,1
482,22,9826.79,23,9185.6,1,Bom,Aposentado,323,1
483,31,6302.82,13,13506.62,3,Bom,Empregado,610,1
484,45,8953.09,5,10334.91,2,Regular,Autonomo,760,0
485,35,7702.96,13,13611.94,3,Bom,Empregado,507,1
486,56,5928.27,3,5527.34,1,Bom,Empregado,737,0
487,41,3840.6,20,17122.31,3,Bom,Aposentado,837,0
488,48,4951.79,7,13488.12,2,Regular,Empregado,635,1
489,33,4556.18,29,13231.49,4,Regular,Aposentado,721,1
490,47,2570.96,2,4411.65,2,Regular,Empregado,620,0
491,24,6300.56,18,18498.16,1,Regular,Empregado,796,0
492,66,8134.71,29,9931.42,4,Bom,Empregado,462,1
493,68,4403.39,13,13640.24,3,Bom,Empregado,840,0
494,49,9327.31,26,8385.88,3,Bom,Empregado,464,1
495,65,1884.83,19,11304.45,3,Ruim,Empregado,594,1
496,24,7108.73,16,11485.64,4,Regular,Empregado,341,1
497,31,8343.04,24,0.0,2,Regular,Empregado,584,0
498,35,4591.94,7,12912.24,4,Bom,Empregado,686,1
499,45,4627.89,23,19826.71,4,Regular,Autonomo,437,1
500,45,7085.53,13,12698.9,1,Bom,Empregado,486,1
501,67,6011.98,25,5211.46,4,Bom,Empregado,730,0
502,40,1005.18,5,13249.81,3,Bom,Empregado,715,0
503,58,3313.25,22,15297.4,2,Bom,Empregado,725,0
504,55,4972.9,21,12562.33,2,Bom,Empregado,715,0
505,52,2260.6,15,9629.36,2,Regular,Empregado,325,1
506,49,4051.65,24,8789.25,3,Bom,Empregado,670,0
507,56,2310.63,18,8768.45,3,Bom,Autonomo,684,0
508,42,4259.66,13,13488.88,3,Bom,Autonomo,355,1
509,29,4326.75,18,2964.38,3,Bom,Empregado,552,0
510,24,5703.51,2,8140.63,3,Regular,Empregado,405,1
511,55,4816.48,9,17978.05,4,Regular,Empregado,429,1
512,53,6005.58,18,18170.98,3,Regular,Empregado,675,0
513,50,5767.09,8,2609.26,3,Regular,Empregado,607,1
514,29,7062.68,27,4342.93,3,Regular,Empregado,390,1
515,38,6747.57,19,8646.9,3,Bom,Empregado,692,0
516,51,6536.25,12,14462.95,2,Regular,Empregado,833,0
517,20,11209.73,6,862.63,3,Bom,Empregado,409,1
518,24,5694.81,13,9725.96,4,Bom,Empregado,639,0
519,64,10187.14,8,7629.1,4,Bom,Empregado,655,0
520,23,5824.44,26,16629.82,4,Regular,Empregado,467,1
521,35,4834.3,27,1615.46,1,Regular,Empregado,751,0
522,43,4253.67,22,10462.7,2,Bom,Empregado,404,1
523,35,8019.45,24,8031.95,3,Regular,Empregado,449,1
524,21,8281.01,27,17348.99,1,Ruim,Empregado,445,1
525,68,6199.57,18,12988.26,3,Bom,Empregado,598,1
526,47,7267.09,14,7070.92,1,Bom,Empregado,466,1
527,51,2445.56,19,14266.93,1,Regular,Empregado,347,1
528,46,1902.44,13,8055.86,4,Bom,Empregado,538,1
529,39,7492.65,23,14996.65,4,Regular,Empregado,306,1
530,43,4746.38,5,8814.62,1,Bom,Empregado,763,0
531,31,6498.6,20,15273.33,4,Bom,Empregado,752,0
532,69,3565.42,28,12180.41,1,Regular,Aposentado,670,0
533,54,8313.98,3,26302.46,2,Regular,Empregado,848,0
534,52,1919.16,7,9735.52,4,Regular,Empregado,786,0
535,52,2228.83,16,11914.31,4,Regular,Aposentado,510,1
536,62,7888.62,29,7602.88,4,Regular,Autonomo,464,1
537,56,1000.0,8,10013.43,2,Regular,Empregado,424,1
538,31,5757.14,0,0.0,1,Bom,Empregado,636,0
539,22,4785.35,23,12327.92,3,Bom,Empregado,491,1
540,20,3528.1,19,16714.37,4,Bom,Empregado,513,1
541,52,4600.12,24,11983.15,1,Regular,Empregado,627,1
542,59,3304.95,13,3430.69,2,Bom,Empregado,680,0
543,29,8084.51,10,5991.06,3,Bom,Empregado,538,1
544,62,8608.99,20,0.0,4,Bom,Aposentado,831,0
545,63,3628.52,2,14894.62,2,Regular,Desempregado,381,1
546,48,5551.05,8,4967.43,2,Regular,Empregado,662,0
547,32,2349.85,26,9856.46,3,Bom,Empregado,804,0
548,31,7146.1,13,9231.31,1,Regular,Empregado,501,1
549,50,7094.02,29,17438.64,4,Bom,Aposentado,803,1
550,65,4409.48,8,10426.41,4,Bom,Empregado,336,1
551,21,5033.77,3,14044.46,1,Regular,Empregado,701,0
552,69,4812.47,26,12732.32,1,Bom,Empregado,475,1
553,54,1763.08,3,16797.06,1,Ruim,Empregado,844,1
554,42,8092.01,27,8804.38,3,Bom,Empregado,766,1
555,36,3466.09,7,19348.08,3,Bom,Autonomo,500,1
556,45,3479.7,1,71.69,4,Ruim,Empregado,839,1
557,27,4699.16,8,14287.37,3,Bom,Empregado,846,0
558,48,6991.1,28,5666.9,2,Ruim,Empregado,693,1
559,45,3817.39,13,7536.25,4,Ruim,Empregado,341,1
560,29,1095.63,21,12847.07,3,Bom,Aposentado,692,0
561,45,3226.0,8,12807.01,1,Bom,Aposentado,740,0
562,53,5848.28,23,13032.14,2,Bom,Desempregado,805,1
563,60,9379.5,22,3069.21,1,Bom,Aposentado,619,0
564,26,2480.16,15,17245.15,4,Bom,Empregado,514,1
565,23,2407.0,28,5496.76,1,Bom,Empregado,370,1
566,69,1974.81,29,6163.56,3,Bom,Empregado,535,1
567,64,1726.55,16,13189.48,3,Bom,Aposentado,580,1
568,30,7411.38,15,8566.39,4,Ruim,Empregado,461,1
569,48,7989.38,29,11541.3,1,Regular,Empregado,490,1
570,55,5355.51,11,0.0,4,Regular,Autonomo,308,1
571,44,4064.57,2,11421.62,1,Bom,Empregado,359,1
572,40,8582.29,10,11089.16,2,Regular,Empregado,524,1
573,55,5347.82,13,7450.71,3,Bom,Empregado,586,0
574,29,7178.87,17,0.0,4,Regular,Empregado,468,1
575,56,3967.1,20,8935.96,2,Ruim,Empregado,361,1
576,28,5088.49,20,9813.13,2,Bom,Autonomo,648,0
577,43,2525.32,4,8163.86,4,Regular,Empregado,741,0
578,54,6258.5,15,819.13,4,Regular,Desempregado,313,1
579,68,5381.88,19,17973.67,2,Ruim,Empregado,463,1
580,54,3210.87,4,6805.69,1,Regular,Empregado,719,0
581,67,3237.79,2,8888.98,2,Bom,Autonomo,819,0
582,55,8231.92,11,0.0,4,Bom,Empregado,847,0
583,37,8943.34,0,17974.28,2,Bom,Empregado,327,1
584,68,4573.73,20,7667.25,1,Regular,Autonomo,745,0
585,58,5135.51,28,10492.31,3,Bom,Empregado,507,1
586,51,5800.23,8,15603.69,3,Regular,Empregado,769,0
587,43,5296.06,28,6618.48,2,Bom,Empregado,403,1
588,42,1651.4,8,14816.22,1,Bom,Empregado,725,0
589,51,5855.74,3,0.0,3,Bom,Empregado,400,1
590,56,1000.0,2,12754.93,2,Regular,Empregado,840,0
591,31,3534.63,16,17861.21,2,Bom,Autonomo,821,0
592,68,6010.85,1,7097.92,1,Bom,Aposentado,405,1
593,32,6199.99,23,15594.41,4,Bom,Empregado,576,1
594,42,3379.85,0,19169.61,2,Bom,Empregado,364,1
595,44,4083.13,7,8725.79,4,Bom,Empregado,487,1
596,54,3812.33,12,8312.36,4,Regular,Empregado,616,1
597,60,4794.31,22,5508.53,3,Bom,Empregado,437,1
598,49,4946.41,14,7451.35,4,Bom,Autonomo,642,0
599,36,6336.94,7,5923.2,1,Regular,Autonomo,404,1
600,68,3966.21,11,5504.44,3,Ruim,Empregado,845,1
601,39,5746.79,21,15994.18,3,Regular,Empregado,679,0
602,67,6014.03,11,6050.37,3,Bom,Empregado,409,1
603,44,5396.58,13,11292.61,2,Regular,Empregado,844,0
604,41,4480.79,14,10191.17,2,Ruim,Empregado,653,1
605,32,5361.29,14,17490.47,4,Regular,Desempregado,616,1
606,38,6503.48,8,7484.22,3,Bom,Empregado,565,0
607,68,6678.37,18,11905.74,3,Bom,Autonomo,364,1
608,55,8630.75,25,13955.35,1,Regular,Empregado,632,0
609,31,3019.95,19,17448.75,4,Bom,Empregado,812,0
610,60,4119.99,28,7411.23,1,Bom,Empregado,432,1
611,38,1773.06,21,6910.54,4,Regular,Empregado,839,0
612,31,6862.02,7,4691.09,4,Regular,Empregado,834,0
613,28,4330.98,20,21181.5,2,Bom,Empregado,795,0
614,26,5412.38,18,16922.36,2,Regular,Aposentado,668,0
615,47,3791.32,5,9788.99,1,Bom,Empregado,398,1
616,33,4346.59,19,19657.2,4,Bom,Empregado,616,1
617,50,7446.38,24,9490.68,3,Regular,Aposentado,422,1
618,38,6388.47,28,13622.05,2,Bom,Autonomo,619,1
619,66,4776.96,18,10050.86,3,Bom,Autonomo,794,0
620,35,6535.63,3,11989.03,1,Ruim,Empregado,756,1
621,24,6579.8,22,11458.81,2,Bom,Aposentado,821,0
622,54,4217.15,6,7875.07,2,Bom,Empregado,819,0
623,31,2061.84,27,15462.49,4,Ruim,Empregado,614,1
624,44,3201.68,27,13579.76,1,Regular,Empregado,841,0
625,40,2318.94,3,15138.47,4,Regular,Empregado,778,0
626,55,7328.87,21,11601.14,2,Regular,Empregado,319,1
627,42,7676.23,11,5467.15,1,Bom,Empregado,429,1
628,35,8172.75,12,18546.93,2,Regular,Empregado,592,1
629,58,1000.0,2,8687.22,1,Bom,Empregado,431,1
630,64,7142.8,21,11820.34,2,Regular,Empregado,655,0
631,61,9424.38,11,13176.91,3,Bom,Aposentado,353,1
632,58,7223.98,1,11787.11,3,Regular,Desempregado,686,1
633,33,1000.0,23,14577.09,4,Bom,Empregado,564,1
634,50,8536.6,1,15366.89,3,Bom,Autonomo,514,1
635,24,5083.38,26,8875.83,2,Regular,Empregado,759,0
636,54,4535.2,22,18127.34,2,Regular,Empregado,757,0
637,42,5902.19,8,8665.48,3,Regular,Empregado,342,1
638,48,2901.99,0,11683.75,4,Bom,Empregado,577,1
639,62,5005.56,7,8061.61,3,Bom,Aposentado,429,1
640,30,8240.86,22,6632.63,1,Regular,Empregado,649,0
641,37,6244.79,5,15220.96,1,Regular,Empregado,843,0
642,66,5116.8,5,25609.48,1,Regular,Empregado,405,1
643,31,5179.22,21,8191.2,3,Ruim,Empregado,300,1
644,28,2637.21,24,16076.61,3,Regular,Autonomo,731,0
645,29,4700.02,17,8370.44,3,Bom,Autonomo,605,0
646,63,1731.41,16,9947.58,1,Regular,Empregado,826,0
647,36,7044.88,28,18787.92,4,Ruim,Aposentado,352,1
648,57,1000.0,11,4632.32,2,Regular,Empregado,819,0
649,26,6709.8,5,3309.2,3,Regular,Desempregado,629,1
650,65,6958.82,25,9564.01,4,Regular,Empregado,624,0
651,32,7637.53,26,13318.28,2,Bom,Empregado,413,1
652,59,5173.72,7,12318.33,2,Bom,Empregado,446,1
653,61,6833.26,18,11803.4,2,Bom,Empregado,465,1
654,28,4680.51,27,10170.66,4,Ruim,Empregado,678,1
655,69,2626.61,9,13932.7,4,Regular,Empregado,438,1
656,46,8061.46,0,0.0,1,Bom,Empregado,598,0
657,21,4806.23,24,6245.97,4,Ruim,Autonomo,575,1
658,24,2180.98,28,9531.94,4,Bom,Empregado,477,1
659,48,4066.37,12,13522.67,4,Bom,Empregado,653,0
660,56,4145.35,16,17448.83,2,Regular,Empregado,453,1
661,57,5923.39,2,5574.5,3,Regular,Autonomo,500,1
662,38,9694.09,7,17285.39,1,Bom,Empregado,414,1
663,27,6044.84,13,7737.19,3,Bom,Aposentado,367,1
664,67,5413.69,2,9350.45,3,Bom,Autonomo,744,0
665,64,9911.55,15,12907.16,4,Bom,Empregado,744,0
666,20,6957.79,12,8983.82,1,Bom,Empregado,625,0
667,41,5508.5,19,15550.59,3,Bom,Empregado,658,0
668,36,4041.18,23,7976.98,3,Bom,Empregado,444,1
669,26,5632.4,16,8052.33,1,Bom,Aposentado,574,0
670,44,4867.22,12,15259.9,4,Bom,Aposentado,808,0
671,64,5182.87,28,6184.38,3,Bom,Empregado,478,1
672,23,7628.8,5,11244.65,2,Regular,Empregado,776,0
673,55,3919.36,16,1697.59,3,Regular,Autonomo,713,0
674,25,6027.08,13,19098.2,2,Bom,Empregado,452,1
675,50,6897.88,16,16032.76,4,Bom,Empregado,403,1
676,38,3675.77,29,23750.54,3,Bom,Empregado,374,1
677,63,3354.76,7,16691.82,1,Bom,Empregado,427,1
678,58,4699.32,10,4351.75,1,Bom,Autonomo,644,0
679,46,4076.74,19,13343.25,3,Bom,Empregado,830,0
680,29,7304.67,27,5409.96,4,Bom,Empregado,458,1
681,45,2996.46,0,17890.19,4,Regular,Aposentado,837,0
682,38,5136.94,25,4494.3,1,Bom,Empregado,725,0
683,58,10092.1,6,4254.23,3,Bom,Aposentado,322,1
684,22,5826.11,20,1950.94,4,Regular,Empregado,346,1
685,64,6158.58,20,7558.1,1,Bom,Empregado,824,0
686,32,7321.36,16,6552.61,2,Bom,Aposentado,443,1
687,69,4074.1,29,3691.75,3,Bom,Empregado,718,0
688,47,2837.16,9,19949.05,2,Bom,Empregado,384,1
689,39,5353.02,10,12649.4,2,Regular,Empregado,715,0
690,47,5530.81,21,12061.17,4,Bom,Empregado,781,0
691,27,1763.58,29,17945.82,4,Bom,Empregado,755,0
692,60,5750.14,8,11281.29,4,Bom,Aposentado,596,0
693,58,7139.7,8,6256.6,3,Bom,Aposentado,411,1
694,20,3174.1,23,1498.95,2,Regular,Aposentado,529,1
695,22,5871.11,4,5974.71,3,Regular,Empregado,395,1
696,32,6784.53,16,17527.08,4,Bom,Empregado,677,0
697,47,6173.36,8,3723.32,2,Bom,Empregado,455,1
698,68,6362.01,16,11765.64,3,Bom,Aposentado,720,0
699,44,4510.4,23,15169.63,3,Regular,Empregado,404,1
700,52,2744.99,20,11426.72,1,Bom,Empregado,629,1
701,57,4105.71,18,11994.92,3,Bom,Autonomo,738,0
702,25,3827.89,26,13278.02,4,Bom,Empregado,431,1
703,63,4839.48,6,11896.4,3,Bom,Empregado,681,0
704,64,7186.54,22,18045.37,2,Bom,Desempregado,437,1
705,51,2376.32,8,4798.54,3,Bom,Desempregado,569,1
706,64,5288.5,6,11202.12,1,Bom,Empregado,849,0
707,66,2873.2,12,908.8,2,Bom,Empregado,695,0
708,40,3519.91,10,0.0,2,Bom,Desempregado,763,1
709,35,6117.48,13,9591.64,1,Regular,Empregado,749,1
710,40,2620.11,18,12716.9,4,Bom,Empregado,630,1
711,30,6468.49,10,18153.34,2,Bom,Empregado,552,1
712,56,2295.67,12,22098.96,4,Regular,Empregado,584,1
713,55,6333.96,13,16599.3,2,Bom,Empregado,573,1
714,54,1900.94,12,13635.83,2,Regular,Empregado,319,1
715,38,3764.37,0,10799.82,4,Regular,Empregado,538,1
716,39,8792.99,7,2343.86,2,Bom,Empregado,569,0
717,37,8417.09,11,9269.82,4,Ruim,Desempregado,717,1
718,66,4174.95,18,16451.88,1,Bom,Autonomo,609,1
719,60,5779.92,11,14491.41,4,Bom,Autonomo,330,1
720,68,7408.14,7,3568.33,1,Bom,Empregado,403,1
721,33,6362.59,7,13070.13,2,Bom,Empregado,485,1
722,34,4453.07,28,12641.96,4,Regular,Empregado,427,1
723,50,3502.73,20,11749.45,2,Regular,Aposentado,509,1
724,20,6736.21,12,9860.72,4,Regular,Empregado,713,0
725,22,7261.41,11,13327.92,1,Ruim,Empregado,580,1
726,35,8431.4,28,13486.57,1,Regular,Autonomo,552,0
727,42,1625.5,15,6792.71,4,Regular,Empregado,318,1
728,30,2493.75,0,12275.07,1,Bom,Empregado,435,1
729,31,7323.85,12,9053.02,2,Bom,Desempregado,522,1
730,29,1896.94,25,2563.83,2,Bom,Aposentado,302,1
731,51,7477.1,6,7191.96,3,Regular,Empregado,535,1
732,35,4570.13,27,2181.55,1,Bom,Desempregado,764,1
733,27,3958.17,25,14900.47,2,Bom,Empregado,527,1
734,57,5410.86,4,11779.45,4,Bom,Autonomo,798,0
735,31,2309.26,7,8222.55,1,Bom,Empregado,820,0
736,43,6648.03,24,17102.61,2,Bom,Empregado,438,1
737,47,8379.27,26,10339.95,1,Bom,Empregado,575,0
738,27,6741.15,13,2843.89,4,Regular,Aposentado,590,0
739,47,4506.98,22,7802.61,2,Bom,Empregado,352,1
740,55,1923.93,29,18164.27,3,Regular,Empregado,409,1
741,45,2000.83,12,6652.62,3,Bom,Empregado,303,1
742,27,2340.71,14,11376.11,1,Bom,Autonomo,346,1
743,69,4975.44,22,13719.38,4,Bom,Empregado,393,1
744,47,5226.8,16,12949.74,2,Bom,Empregado,512,1
745,47,6736.89,14,22247.3,4,Bom,Empregado,735,0
746,56,1407.94,19,4118.48,2,Bom,Empregado,807,0
747,60,7622.42,17,4617.68,1,Bom,Empregado,504,1
748,55,6388.81,17,4201.23,2,Bom,Empregado,680,0
749,46,4346.33,1,8520.41,4,Bom,Empregado,372,1
750,36,2620.48,3,15496.89,4,Regular,Empregado,815,0
751,28,7498.28,29,4841.33,1,Regular,Autonomo,375,1
752,52,4399.81,0,15566.8,4,Bom,Empregado,376,1
753,39,4959.96,3,10175.63,2,Ruim,Empregado,709,1
754,32,5767.22,17,4455.02,1,Bom,Desempregado,405,1
755,47,3173.6,4,1243.15,2,Regular,Empregado,775,0
756,67,4435.64,18,2362.15,4,Regular,Aposentado,574,0
757,48,6730.63,14,6670.73,1,Regular,Empregado,387,1
758,32,6528.19,27,9154.24,2,Bom,Empregado,376,1
759,65,6546.21,7,16730.31,4,Bom,Empregado,376,1
760,54,2689.64,19,13995.44,4,Bom,Desempregado,741,1
761,25,4526.84,16,5805.29,3,Bom,Empregado,839,0
762,37,4207.21,0,12043.33,4,Bom,Empregado,544,1
763,24,5850.36,11,18257.73,2,Bom,Desempregado,681,1
764,66,5671.32,25,19369.59,1,Bom,Empregado,441,1
765,44,5310.85,18,8427.97,3,Bom,Empregado,667,0
766,21,9931.47,14,14791.44,4,Regular,Empregado,383,1
767,29,4418.39,8,16949.78,4,Regular,Autonomo,442,1
768,49,4184.35,6,2464.64,4,Ruim,Empregado,651,1
769,69,2686.5,1,7437.96,2,Bom,Empregado,844,0
770,64,1924.31,28,21100.09,3,Regular,Empregado,451,1
771,24,2559.37,8,8494.82,2,Regular,Empregado,457,1
772,52,3562.64,9,0.0,3,Bom,Desempregado,745,1
773,20,7620.15,1,9395.19,1,Bom,Aposentado,602,0
774,37,5078.33,18,15623.13,2,Ruim,Autonomo,749,1
775,51,5386.66,10,10032.55,2,Bom,Autonomo,523,1
776,66,4807.45,12,13576.82,1,Bom,Empregado,342,1
777,68,5730.6,9,14691.11,3,Bom,Empregado,563,1
778,30,7804.14,13,8225.31,4,Bom,Autonomo,302,1
779,40,1012.14,17,7403.04,1,Regular,Empregado,567,1
780,45,7436.67,18,10767.2,4,Regular,Empregado,315,1
781,44,1000.0,21,10888.89,4,Bom,Autonomo,633,1
782,41,5056.41,8,10270.38,1,Bom,Empregado,763,0
783,46,9383.81,24,10475.78,3,Bom,Aposentado,358,1
784,68,6361.32,6,6257.27,4,Bom,Empregado,476,1
785,32,5746.12,27,13751.43,1,Bom,Empregado,362,1
786,52,9003.89,2,12996.16,2,Regular,Empregado,606,0
787,53,3593.87,19,3319.96,2,Bom,Empregado,545,1
788,60,5867.93,5,8054.19,2,Bom,Autonomo,588,0
789,54,6156.23,26,10465.4,1,Regular,Empregado,631,0
790,20,3955.2,20,7328.43,2,Bom,Empregado,826,0
791,40,4131.78,1,13186.86,4,Regular,Empregado,554,1
792,67,3912.44,28,9665.59,2,Regular,Empregado,809,0
793,25,5174.63,5,10845.36,2,Regular,Empregado,762,0
794,47,6093.38,2,7996.45,4,Bom,Aposentado,498,1
795,36,5246.46,15,33.91,2,Bom,Empregado,570,0
796,24,6418.92,29,0.0,4,Bom,Autonomo,363,1
797,50,1061.71,7,12948.05,2,Bom,Aposentado,529,1
798,24,4563.5,1,11334.56,4,Regular,Empregado,548,1
799,57,2953.16,16,12193.31,2,Regular,Empregado,545,1
800,22,5603.45,8,10672.36,4,Regular,Autonomo,456,1
801,42,5573.83,29,11072.84,1,Ruim,Empregado,387,1
802,56,4768.76,11,14845.12,4,Regular,Empregado,612,1
803,56,6020.56,2,12223.1,2,Bom,Empregado,365,1
804,29,6995.63,10,15204.55,2,Bom,Desempregado,319,1
805,29,4878.96,0,10857.31,3,Regular,Aposentado,332,1
806,38,2896.61,22,8498.09,4,Bom,Autonomo,372,1
807,36,1837.48,12,10971.01,1,Bom,Empregado,642,1
808,40,5072.22,14,5819.11,4,Bom,Empregado,432,1
809,33,5483.73,25,8100.77,4,Regular,Empregado,354,1
810,28,3060.95,4,10887.86,1,Bom,Empregado,360,1
811,65,6451.53,20,10821.59,4,Regular,Empregado,819,0
812,20,4082.09,29,9467.91,1,Regular,Desempregado,571,1
813,64,1687.13,16,3059.08,1,Bom,Aposentado,545,1
814,32,7512.87,24,13182.05,4,Bom,Empregado,475,1
815,23,7287.98,22,14171.14,4,Bom,Empregado,616,0
816,20,1000.0,23,18218.45,2,Regular,Empregado,430,1
817,68,3874.8,24,12208.88,2,Regular,Empregado,401,1
818,59,3796.83,5,10007.31,3,Regular,Autonomo,609,1
819,51,8278.98,27,4934.85,3,Bom,Autonomo,591,0
820,53,4801.41,20,17460.09,4,Bom,Empregado,794,1
821,47,2008.24,21,11239.16,1,Bom,Empregado,660,1
822,50,6764.21,10,10966.87,3,Regular,Empregado,637,0
823,27,2538.45,17,8729.72,4,Bom,Empregado,309,1
824,58,4479.32,3,8410.15,3,Bom,Empregado,348,1
825,45,3460.46,2,13441.33,1,Bom,Empregado,786,1
826,53,3879.09,12,4892.8,4,Bom,Empregado,620,0
827,22,6874.52,22,18127.16,1,Bom,Aposentado,432,1
828,69,8042.66,8,17037.63,4,Bom,Empregado,382,1
829,31,2451.26,20,8229.69,3,Bom,Empregado,356,1
830,20,6252.15,5,5680.68,2,Bom,Empregado,675,0
831,63,3534.49,25,0.0,3,Regular,Empregado,648,0
832,24,3596.66,29,3742.93,3,Regular,Empregado,570,0
833,49,5981.27,27,13649.56,2,Bom,Empregado,782,0
834,49,2944.19,11,11576.71,2,Regular,Empregado,410,1
835,36,5941.21,1,12468.27,4,Bom,Empregado,375,1
836,67,6460.23,2,772.1,4,Bom,Autonomo,457,1
837,66,4134.94,2,8020.92,1,Regular,Empregado,831,0
838,42,7654.16,27,16836.36,1,Regular,Autonomo,628,1
839,34,2454.35,11,9519.86,3,Regular,Empregado,421,1
840,56,7690.81,14,3638.53,2,Bom,Empregado,340,1
841,40,1112.03,8,9441.99,1,Bom,Empregado,466,1
842,33,10399.43,22,6144.91,3,Regular,Empregado,322,1
843,21,4187.6,7,11668.4,2,Bom,Aposentado,578,1
844,30,2675.39,10,10102.73,4,Bom,Autonomo,768,0
845,58,4534.66,15,12716.48,3,Regular,Aposentado,699,0
846,57,2907.04,25,3910.38,4,Regular,Aposentado,308,1
847,53,5773.93,26,7756.42,1,Regular,Empregado,312,1
848,57,7735.31,24,15452.17,1,Bom,Empregado,351,1
849,69,3013.09,21,3228.6,2,Regular,Empregado,508,1
850,53,6158.8,3,4984.44,3,Bom,Desempregado,849,1
851,37,1934.53,27,10996.49,4,Bom,Autonomo,701,0
852,49,7065.91,0,11433.65,2,Regular,Empregado,490,1
853,34,5832.47,23,7555.75,1,Bom,Autonomo,350,1
854,46,7152.37,6,8607.84,1,Bom,Empregado,692,0
855,53,4755.31,1,12666.13,3,Regular,Empregado,599,1
856,57,4129.69,23,14248.18,4,Bom,Empregado,495,1
857,52,6632.23,27,4653.89,3,Bom,Empregado,716,0
858,43,2383.9,4,11821.6,4,Bom,Aposentado,719,0
859,34,1514.35,6,17560.08,4,Bom,Empregado,821,0
860,49,4990.08,3,9420.54,3,Bom,Empregado,655,0
861,61,4220.81,4,4600.8,2,Regular,Empregado,447,1
862,36,6107.67,23,4369.54,3,Regular,Empregado,664,0
863,24,7183.1,0,9196.31,3,Bom,Empregado,663,0
864,48,6066.03,0,15179.24,1,Regular,Empregado,701,0
865,23,7023.81,14,9796.22,1,Bom,Empregado,791,0
866,29,5642.1,19,10946.16,3,Bom,Empregado,528,1
867,36,5989.19,18,5018.29,3,Regular,Empregado,836,0
868,29,4766.69,28,14915.59,1,Bom,Autonomo,567,1
869,36,5930.09,9,4271.71,4,Ruim,Empregado,704,1
870,39,5333.31,27,7477.52,3,Bom,Empregado,310,1
871,43,5650.35,17,13149.57,2,Regular,Empregado,619,1
872,24,4666.55,27,0.0,2,Bom,Empregado,425,1
873,53,6617.86,2,10869.81,2,Bom,Empregado,605,0
874,25,3579.09,10,4804.63,3,Bom,Autonomo,810,1
875,21,4963.3,14,10082.75,4,Regular,Aposentado,388,1
876,32,7623.57,26,8239.72,4,Bom,Aposentado,654,0
877,62,3102.56,29,20529.17,1,Ruim,Empregado,651,1
878,62,1000.0,10,8034.39,3,Bom,Empregado,313,1
879,67,5732.91,16,19213.26,4,Bom,Autonomo,556,1
880,30,4486.09,16,12934.76,3,Bom,Empregado,508,1
881,66,7021.72,5,5992.71,1,Regular,Empregado,580,0
882,42,4738.97,4,11654.05,1,Regular,Autonomo,742,0
883,35,3791.32,7,8477.95,1,Bom,Empregado,688,0
884,50,4848.37,1,11210.79,2,Regular,Empregado,782,0
885,30,7186.14,15,6430.55,3,Bom,Empregado,446,1
886,35,6150.74,19,18450.89,1,Regular,Empregado,578,1
887,27,1000.0,23,14626.99,3,Regular,Empregado,820,0
888,23,5371.53,11,10158.91,2,Bom,Empregado,733,0
889,59,5471.52,5,18645.57,2,Bom,Empregado,443,1
890,23,4963.5,0,10371.4,1,Ruim,Empregado,588,1
891,44,3778.22,3,15488.12,1,Regular,Empregado,685,0
892,22,7389.06,16,10191.5,4,Bom,Autonomo,313,1
893,51,7488.07,12,11969.44,3,Bom,Empregado,556,0
894,22,1000.0,17,9592.81,1,Bom,Empregado,645,1
895,46,3404.08,4,10476.51,4,Bom,Empregado,644,1
896,48,4710.54,29,10852.66,3,Regular,Aposentado,699,0
897,51,6897.02,23,6651.34,1,Regular,Empregado,506,1
898,69,5069.71,23,7994.66,4,Bom,Empregado,471,1
899,38,3632.81,26,8916.22,4,Bom,Empregado,763,0
900,40,6419.07,2,11148.56,3,Bom,Autonomo,569,0
901,24,4577.33,10,9847.1,4,Bom,Empregado,520,1
902,37,4765.2,12,15865.16,3,Bom,Empregado,451,1
903,47,4945.68,3,14235.59,3,Bom,Empregado,482,1
904,61,6148.62,25,9018.36,3,Bom,Empregado,698,0
905,41,4382.9,26,16908.92,2,Bom,Autonomo,371,1
906,40,6373.89,13,19365.1,4,Bom,Aposentado,717,0
907,25,4853.86,21,0.0,3,Bom,Empregado,582,0
908,20,2865.97,10,14661.45,1,Bom,Autonomo,373,1
909,24,4926.45,26,6535.08,2,Bom,Empregado,654,0
910,60,2969.57,9,14003.74,2,Bom,Empregado,796,0
911,31,5081.97,18,16191.19,4,Bom,Empregado,627,1
912,45,6658.95,17,5615.04,3,Bom,Empregado,834,0
913,65,2852.74,5,738.36,4,Regular,Aposentado,746,1
914,53,5728.55,26,14177.17,2,Ruim,Empregado,672,1
915,68,3341.93,28,10677.01,3,Regular,Empregado,661,0
916,33,5403.4,14,1657.81,1,Bom,Empregado,392,1
917,45,6720.41,20,22647.82,3,Regular,Empregado,620,1
918,64,1000.0,29,13122.1,2,Regular,Empregado,623,1
919,46,2771.05,9,13350.5,1,Bom,Empregado,683,0
920,28,4262.04,4,16829.09,3,Bom,Autonomo,645,1
921,45,5630.08,25,7095.88,1,Regular,Empregado,402,1
922,66,4667.23,28,10652.27,1,Bom,Empregado,514,1
923,41,4908.24,4,3403.39,2,Bom,Desempregado,491,1
924,66,9085.97,9,6960.26,1,Regular,Autonomo,493,1
925,49,2575.09,27,11928.3,4,Regular,Empregado,679,0
926,62,7270.97,4,1673.58,2,Bom,Autonomo,702,0
927,67,4300.04,2,6818.55,4,Bom,Empregado,310,1
928,36,6098.95,22,5360.33,1,Bom,Empregado,486,1
929,45,9257.89,5,10710.46,4,Regular,Empregado,314,1
930,55,6377.36,3,12873.51,3,Bom,Desempregado,596,1
931,20,5744.99,17,13710.76,1,Bom,Empregado,710,0
932,27,8198.24,27,14994.08,3,Regular,Empregado,351,1
933,68,7249.6,8,16860.58,4,Bom,Empregado,327,1
934,54,3401.21,16,13036.23,3,Regular,Autonomo,316,1
935,34,5589.05,28,19436.68,1,Bom,Empregado,650,0
936,66,1565.01,12,10597.51,3,Bom,Empregado,727,0
937,41,3919.69,26,9133.39,4,Regular,Empregado,528,1
938,33,5628.11,14,13036.54,4,Bom,Autonomo,509,1
939,45,3795.79,29,8917.94,4,Bom,Desempregado,730,1
940,47,5546.73,19,19262.82,1,Bom,Empregado,593,1
941,42,4973.23,16,15654.92,4,Regular,Empregado,403,1
942,33,6072.83,12,13751.39,1,Ruim,Aposentado,503,1
943,43,4151.6,15,10657.1,3,Ruim,Empregado,352,1
944,21,3119.7,21,7962.61,4,Bom,Autonomo,674,0
945,64,7956.25,3,13506.63,3,Bom,Aposentado,353,1
946,45,4008.61,4,4364.51,2,Bom,Empregado,575,0
947,33,6320.02,4,17671.82,3,Regular,Empregado,634,1
948,26,7870.49,8,9111.82,2,Bom,Empregado,330,1
949,22,5325.34,16,11525.53,3,Ruim,Empregado,434,1
950,66,3287.39,12,5451.99,1,Bom,Empregado,357,1
951,42,4642.78,1,13614.93,3,Ruim,Empregado,404,1
952,65,7035.08,12,7731.29,1,Regular,Empregado,565,0
953,62,5412.5,21,13246.14,1,Regular,Empregado,821,0
954,66,2589.72,20,13786.97,4,Bom,Empregado,795,0
955,64,6193.29,26,6761.84,1,Bom,Empregado,552,0
956,37,6539.06,22,4382.35,2,Bom,Aposentado,594,0
957,57,4289.38,18,17659.5,4,Bom,Empregado,457,1
958,54,6220.49,2,9038.5,4,Bom,Aposentado,848,0
959,34,5490.04,9,11124.24,3,Bom,Empregado,366,1
960,44,4605.14,1,12427.32,1,Bom,Empregado,598,1
961,56,2412.93,12,3731.5,1,Regular,Autonomo,762,0
962,47,7155.91,18,12313.33,2,Regular,Empregado,400,1
963,29,6518.42,25,10495.63,3,Bom,Empregado,355,1
964,58,6167.77,16,6782.35,3,Ruim,Empregado,631,1
965,36,8089.05,20,4217.32,4,Bom,Empregado,692,0
966,58,6890.39,13,13029.43,4,Bom,Empregado,680,0
967,41,6373.13,11,15638.56,4,Bom,Empregado,391,1
968,45,1000.0,20,10892.95,2,Regular,Empregado,746,0
969,63,7393.79,11,2827.67,2,Bom,Empregado,408,1
970,44,5166.16,10,4713.34,4,Bom,Empregado,616,0
971,36,5624.98,6,7839.38,3,Regular,Empregado,467,1
972,32,5638.67,3,17823.1,2,Bom,Empregado,734,0
973,39,6547.67,18,8766.25,3,Regular,Empregado,741,0
974,44,7244.35,0,7657.16,3,Ruim,Desempregado,517,1
975,23,6268.48,27,1632.58,1,Ruim,Empregado,521,1
976,29,5950.57,23,6716.58,4,Bom,Empregado,827,1
977,22,5463.03,28,3835.32,1,Bom,Empregado,577,0
978,60,1000.0,2,4984.1,4,Bom,Aposentado,765,0
979,64,4424.82,12,10599.75,4,Bom,Empregado,329,1
980,37,3116.82,14,7994.18,3,Bom,Desempregado,658,1
981,66,7421.48,1,18497.47,4,Bom,Empregado,587,1
982,55,6238.07,10,15390.02,3,Ruim,Empregado,385,1
983,66,4083.73,3,6955.58,3,Ruim,Aposentado,533,1
984,41,4284.57,18,5415.91,4,Bom,Empregado,612,0
985,53,4212.04,28,16913.21,3,Bom,Empregado,664,0
986,66,4176.35,16,18300.21,3,Bom,Autonomo,568,1
987,27,2110.89,2,0.0,3,Bom,Aposentado,430,1
988,59,1677.44,27,10464.29,2,Regular,Empregado,650,0
989,68,5058.09,17,8740.61,3,Regular,Empregado,479,1
990,63,7150.63,7,13245.6,2,Regular,Autonomo,779,1
991,38,3924.62,21,19713.34,2,Regular,Empregado,462,1
992,61,5606.89,24,7579.71,3,Bom,Aposentado,395,1
993,60,6468.52,23,0.0,3,Regular,Empregado,809,0
994,56,3013.24,25,12895.04,2,Bom,Empregado,664,0
995,25,4960.05,18,16949.82,2,Bom,Aposentado,652,0
996,45,3666.96,4,8481.2,3,Bom,Empregado,735,0
997,53,8212.24,6,6474.81,3,Bom,Empregado,382,1
998,64,8124.92,20,7813.7,4,Bom,Empregado,524,1
999,25,3015.31,7,14251.03,2,Bom,Empregado,711,0
1000,56,5771.77,27,7727.7,2,Ruim,Empregado,417,1
